name, RoboGyver
user, billing.hrl@gmail.com
description, Sensing pierce-ability
num_records, 3
num_samples, 2
num_auto_attributes, 8
num_custom_attributes, 2
num_wavelengths, 331
wavelengths_start, 740
wavelengths_resolution, 1
id,sample_id,sampling_time,Timestamp,Object,device_id,comment,temperature,location,outlier,spectrum_0 + 740,spectrum_1 + 740,spectrum_2 + 740,spectrum_3 + 740,spectrum_4 + 740,spectrum_5 + 740,spectrum_6 + 740,spectrum_7 + 740,spectrum_8 + 740,spectrum_9 + 740,spectrum_10 + 740,spectrum_11 + 740,spectrum_12 + 740,spectrum_13 + 740,spectrum_14 + 740,spectrum_15 + 740,spectrum_16 + 740,spectrum_17 + 740,spectrum_18 + 740,spectrum_19 + 740,spectrum_20 + 740,spectrum_21 + 740,spectrum_22 + 740,spectrum_23 + 740,spectrum_24 + 740,spectrum_25 + 740,spectrum_26 + 740,spectrum_27 + 740,spectrum_28 + 740,spectrum_29 + 740,spectrum_30 + 740,spectrum_31 + 740,spectrum_32 + 740,spectrum_33 + 740,spectrum_34 + 740,spectrum_35 + 740,spectrum_36 + 740,spectrum_37 + 740,spectrum_38 + 740,spectrum_39 + 740,spectrum_40 + 740,spectrum_41 + 740,spectrum_42 + 740,spectrum_43 + 740,spectrum_44 + 740,spectrum_45 + 740,spectrum_46 + 740,spectrum_47 + 740,spectrum_48 + 740,spectrum_49 + 740,spectrum_50 + 740,spectrum_51 + 740,spectrum_52 + 740,spectrum_53 + 740,spectrum_54 + 740,spectrum_55 + 740,spectrum_56 + 740,spectrum_57 + 740,spectrum_58 + 740,spectrum_59 + 740,spectrum_60 + 740,spectrum_61 + 740,spectrum_62 + 740,spectrum_63 + 740,spectrum_64 + 740,spectrum_65 + 740,spectrum_66 + 740,spectrum_67 + 740,spectrum_68 + 740,spectrum_69 + 740,spectrum_70 + 740,spectrum_71 + 740,spectrum_72 + 740,spectrum_73 + 740,spectrum_74 + 740,spectrum_75 + 740,spectrum_76 + 740,spectrum_77 + 740,spectrum_78 + 740,spectrum_79 + 740,spectrum_80 + 740,spectrum_81 + 740,spectrum_82 + 740,spectrum_83 + 740,spectrum_84 + 740,spectrum_85 + 740,spectrum_86 + 740,spectrum_87 + 740,spectrum_88 + 740,spectrum_89 + 740,spectrum_90 + 740,spectrum_91 + 740,spectrum_92 + 740,spectrum_93 + 740,spectrum_94 + 740,spectrum_95 + 740,spectrum_96 + 740,spectrum_97 + 740,spectrum_98 + 740,spectrum_99 + 740,spectrum_100 + 740,spectrum_101 + 740,spectrum_102 + 740,spectrum_103 + 740,spectrum_104 + 740,spectrum_105 + 740,spectrum_106 + 740,spectrum_107 + 740,spectrum_108 + 740,spectrum_109 + 740,spectrum_110 + 740,spectrum_111 + 740,spectrum_112 + 740,spectrum_113 + 740,spectrum_114 + 740,spectrum_115 + 740,spectrum_116 + 740,spectrum_117 + 740,spectrum_118 + 740,spectrum_119 + 740,spectrum_120 + 740,spectrum_121 + 740,spectrum_122 + 740,spectrum_123 + 740,spectrum_124 + 740,spectrum_125 + 740,spectrum_126 + 740,spectrum_127 + 740,spectrum_128 + 740,spectrum_129 + 740,spectrum_130 + 740,spectrum_131 + 740,spectrum_132 + 740,spectrum_133 + 740,spectrum_134 + 740,spectrum_135 + 740,spectrum_136 + 740,spectrum_137 + 740,spectrum_138 + 740,spectrum_139 + 740,spectrum_140 + 740,spectrum_141 + 740,spectrum_142 + 740,spectrum_143 + 740,spectrum_144 + 740,spectrum_145 + 740,spectrum_146 + 740,spectrum_147 + 740,spectrum_148 + 740,spectrum_149 + 740,spectrum_150 + 740,spectrum_151 + 740,spectrum_152 + 740,spectrum_153 + 740,spectrum_154 + 740,spectrum_155 + 740,spectrum_156 + 740,spectrum_157 + 740,spectrum_158 + 740,spectrum_159 + 740,spectrum_160 + 740,spectrum_161 + 740,spectrum_162 + 740,spectrum_163 + 740,spectrum_164 + 740,spectrum_165 + 740,spectrum_166 + 740,spectrum_167 + 740,spectrum_168 + 740,spectrum_169 + 740,spectrum_170 + 740,spectrum_171 + 740,spectrum_172 + 740,spectrum_173 + 740,spectrum_174 + 740,spectrum_175 + 740,spectrum_176 + 740,spectrum_177 + 740,spectrum_178 + 740,spectrum_179 + 740,spectrum_180 + 740,spectrum_181 + 740,spectrum_182 + 740,spectrum_183 + 740,spectrum_184 + 740,spectrum_185 + 740,spectrum_186 + 740,spectrum_187 + 740,spectrum_188 + 740,spectrum_189 + 740,spectrum_190 + 740,spectrum_191 + 740,spectrum_192 + 740,spectrum_193 + 740,spectrum_194 + 740,spectrum_195 + 740,spectrum_196 + 740,spectrum_197 + 740,spectrum_198 + 740,spectrum_199 + 740,spectrum_200 + 740,spectrum_201 + 740,spectrum_202 + 740,spectrum_203 + 740,spectrum_204 + 740,spectrum_205 + 740,spectrum_206 + 740,spectrum_207 + 740,spectrum_208 + 740,spectrum_209 + 740,spectrum_210 + 740,spectrum_211 + 740,spectrum_212 + 740,spectrum_213 + 740,spectrum_214 + 740,spectrum_215 + 740,spectrum_216 + 740,spectrum_217 + 740,spectrum_218 + 740,spectrum_219 + 740,spectrum_220 + 740,spectrum_221 + 740,spectrum_222 + 740,spectrum_223 + 740,spectrum_224 + 740,spectrum_225 + 740,spectrum_226 + 740,spectrum_227 + 740,spectrum_228 + 740,spectrum_229 + 740,spectrum_230 + 740,spectrum_231 + 740,spectrum_232 + 740,spectrum_233 + 740,spectrum_234 + 740,spectrum_235 + 740,spectrum_236 + 740,spectrum_237 + 740,spectrum_238 + 740,spectrum_239 + 740,spectrum_240 + 740,spectrum_241 + 740,spectrum_242 + 740,spectrum_243 + 740,spectrum_244 + 740,spectrum_245 + 740,spectrum_246 + 740,spectrum_247 + 740,spectrum_248 + 740,spectrum_249 + 740,spectrum_250 + 740,spectrum_251 + 740,spectrum_252 + 740,spectrum_253 + 740,spectrum_254 + 740,spectrum_255 + 740,spectrum_256 + 740,spectrum_257 + 740,spectrum_258 + 740,spectrum_259 + 740,spectrum_260 + 740,spectrum_261 + 740,spectrum_262 + 740,spectrum_263 + 740,spectrum_264 + 740,spectrum_265 + 740,spectrum_266 + 740,spectrum_267 + 740,spectrum_268 + 740,spectrum_269 + 740,spectrum_270 + 740,spectrum_271 + 740,spectrum_272 + 740,spectrum_273 + 740,spectrum_274 + 740,spectrum_275 + 740,spectrum_276 + 740,spectrum_277 + 740,spectrum_278 + 740,spectrum_279 + 740,spectrum_280 + 740,spectrum_281 + 740,spectrum_282 + 740,spectrum_283 + 740,spectrum_284 + 740,spectrum_285 + 740,spectrum_286 + 740,spectrum_287 + 740,spectrum_288 + 740,spectrum_289 + 740,spectrum_290 + 740,spectrum_291 + 740,spectrum_292 + 740,spectrum_293 + 740,spectrum_294 + 740,spectrum_295 + 740,spectrum_296 + 740,spectrum_297 + 740,spectrum_298 + 740,spectrum_299 + 740,spectrum_300 + 740,spectrum_301 + 740,spectrum_302 + 740,spectrum_303 + 740,spectrum_304 + 740,spectrum_305 + 740,spectrum_306 + 740,spectrum_307 + 740,spectrum_308 + 740,spectrum_309 + 740,spectrum_310 + 740,spectrum_311 + 740,spectrum_312 + 740,spectrum_313 + 740,spectrum_314 + 740,spectrum_315 + 740,spectrum_316 + 740,spectrum_317 + 740,spectrum_318 + 740,spectrum_319 + 740,spectrum_320 + 740,spectrum_321 + 740,spectrum_322 + 740,spectrum_323 + 740,spectrum_324 + 740,spectrum_325 + 740,spectrum_326 + 740,spectrum_327 + 740,spectrum_328 + 740,spectrum_329 + 740,spectrum_330 + 740,wr_raw_0 + 740,wr_raw_1 + 740,wr_raw_2 + 740,wr_raw_3 + 740,wr_raw_4 + 740,wr_raw_5 + 740,wr_raw_6 + 740,wr_raw_7 + 740,wr_raw_8 + 740,wr_raw_9 + 740,wr_raw_10 + 740,wr_raw_11 + 740,wr_raw_12 + 740,wr_raw_13 + 740,wr_raw_14 + 740,wr_raw_15 + 740,wr_raw_16 + 740,wr_raw_17 + 740,wr_raw_18 + 740,wr_raw_19 + 740,wr_raw_20 + 740,wr_raw_21 + 740,wr_raw_22 + 740,wr_raw_23 + 740,wr_raw_24 + 740,wr_raw_25 + 740,wr_raw_26 + 740,wr_raw_27 + 740,wr_raw_28 + 740,wr_raw_29 + 740,wr_raw_30 + 740,wr_raw_31 + 740,wr_raw_32 + 740,wr_raw_33 + 740,wr_raw_34 + 740,wr_raw_35 + 740,wr_raw_36 + 740,wr_raw_37 + 740,wr_raw_38 + 740,wr_raw_39 + 740,wr_raw_40 + 740,wr_raw_41 + 740,wr_raw_42 + 740,wr_raw_43 + 740,wr_raw_44 + 740,wr_raw_45 + 740,wr_raw_46 + 740,wr_raw_47 + 740,wr_raw_48 + 740,wr_raw_49 + 740,wr_raw_50 + 740,wr_raw_51 + 740,wr_raw_52 + 740,wr_raw_53 + 740,wr_raw_54 + 740,wr_raw_55 + 740,wr_raw_56 + 740,wr_raw_57 + 740,wr_raw_58 + 740,wr_raw_59 + 740,wr_raw_60 + 740,wr_raw_61 + 740,wr_raw_62 + 740,wr_raw_63 + 740,wr_raw_64 + 740,wr_raw_65 + 740,wr_raw_66 + 740,wr_raw_67 + 740,wr_raw_68 + 740,wr_raw_69 + 740,wr_raw_70 + 740,wr_raw_71 + 740,wr_raw_72 + 740,wr_raw_73 + 740,wr_raw_74 + 740,wr_raw_75 + 740,wr_raw_76 + 740,wr_raw_77 + 740,wr_raw_78 + 740,wr_raw_79 + 740,wr_raw_80 + 740,wr_raw_81 + 740,wr_raw_82 + 740,wr_raw_83 + 740,wr_raw_84 + 740,wr_raw_85 + 740,wr_raw_86 + 740,wr_raw_87 + 740,wr_raw_88 + 740,wr_raw_89 + 740,wr_raw_90 + 740,wr_raw_91 + 740,wr_raw_92 + 740,wr_raw_93 + 740,wr_raw_94 + 740,wr_raw_95 + 740,wr_raw_96 + 740,wr_raw_97 + 740,wr_raw_98 + 740,wr_raw_99 + 740,wr_raw_100 + 740,wr_raw_101 + 740,wr_raw_102 + 740,wr_raw_103 + 740,wr_raw_104 + 740,wr_raw_105 + 740,wr_raw_106 + 740,wr_raw_107 + 740,wr_raw_108 + 740,wr_raw_109 + 740,wr_raw_110 + 740,wr_raw_111 + 740,wr_raw_112 + 740,wr_raw_113 + 740,wr_raw_114 + 740,wr_raw_115 + 740,wr_raw_116 + 740,wr_raw_117 + 740,wr_raw_118 + 740,wr_raw_119 + 740,wr_raw_120 + 740,wr_raw_121 + 740,wr_raw_122 + 740,wr_raw_123 + 740,wr_raw_124 + 740,wr_raw_125 + 740,wr_raw_126 + 740,wr_raw_127 + 740,wr_raw_128 + 740,wr_raw_129 + 740,wr_raw_130 + 740,wr_raw_131 + 740,wr_raw_132 + 740,wr_raw_133 + 740,wr_raw_134 + 740,wr_raw_135 + 740,wr_raw_136 + 740,wr_raw_137 + 740,wr_raw_138 + 740,wr_raw_139 + 740,wr_raw_140 + 740,wr_raw_141 + 740,wr_raw_142 + 740,wr_raw_143 + 740,wr_raw_144 + 740,wr_raw_145 + 740,wr_raw_146 + 740,wr_raw_147 + 740,wr_raw_148 + 740,wr_raw_149 + 740,wr_raw_150 + 740,wr_raw_151 + 740,wr_raw_152 + 740,wr_raw_153 + 740,wr_raw_154 + 740,wr_raw_155 + 740,wr_raw_156 + 740,wr_raw_157 + 740,wr_raw_158 + 740,wr_raw_159 + 740,wr_raw_160 + 740,wr_raw_161 + 740,wr_raw_162 + 740,wr_raw_163 + 740,wr_raw_164 + 740,wr_raw_165 + 740,wr_raw_166 + 740,wr_raw_167 + 740,wr_raw_168 + 740,wr_raw_169 + 740,wr_raw_170 + 740,wr_raw_171 + 740,wr_raw_172 + 740,wr_raw_173 + 740,wr_raw_174 + 740,wr_raw_175 + 740,wr_raw_176 + 740,wr_raw_177 + 740,wr_raw_178 + 740,wr_raw_179 + 740,wr_raw_180 + 740,wr_raw_181 + 740,wr_raw_182 + 740,wr_raw_183 + 740,wr_raw_184 + 740,wr_raw_185 + 740,wr_raw_186 + 740,wr_raw_187 + 740,wr_raw_188 + 740,wr_raw_189 + 740,wr_raw_190 + 740,wr_raw_191 + 740,wr_raw_192 + 740,wr_raw_193 + 740,wr_raw_194 + 740,wr_raw_195 + 740,wr_raw_196 + 740,wr_raw_197 + 740,wr_raw_198 + 740,wr_raw_199 + 740,wr_raw_200 + 740,wr_raw_201 + 740,wr_raw_202 + 740,wr_raw_203 + 740,wr_raw_204 + 740,wr_raw_205 + 740,wr_raw_206 + 740,wr_raw_207 + 740,wr_raw_208 + 740,wr_raw_209 + 740,wr_raw_210 + 740,wr_raw_211 + 740,wr_raw_212 + 740,wr_raw_213 + 740,wr_raw_214 + 740,wr_raw_215 + 740,wr_raw_216 + 740,wr_raw_217 + 740,wr_raw_218 + 740,wr_raw_219 + 740,wr_raw_220 + 740,wr_raw_221 + 740,wr_raw_222 + 740,wr_raw_223 + 740,wr_raw_224 + 740,wr_raw_225 + 740,wr_raw_226 + 740,wr_raw_227 + 740,wr_raw_228 + 740,wr_raw_229 + 740,wr_raw_230 + 740,wr_raw_231 + 740,wr_raw_232 + 740,wr_raw_233 + 740,wr_raw_234 + 740,wr_raw_235 + 740,wr_raw_236 + 740,wr_raw_237 + 740,wr_raw_238 + 740,wr_raw_239 + 740,wr_raw_240 + 740,wr_raw_241 + 740,wr_raw_242 + 740,wr_raw_243 + 740,wr_raw_244 + 740,wr_raw_245 + 740,wr_raw_246 + 740,wr_raw_247 + 740,wr_raw_248 + 740,wr_raw_249 + 740,wr_raw_250 + 740,wr_raw_251 + 740,wr_raw_252 + 740,wr_raw_253 + 740,wr_raw_254 + 740,wr_raw_255 + 740,wr_raw_256 + 740,wr_raw_257 + 740,wr_raw_258 + 740,wr_raw_259 + 740,wr_raw_260 + 740,wr_raw_261 + 740,wr_raw_262 + 740,wr_raw_263 + 740,wr_raw_264 + 740,wr_raw_265 + 740,wr_raw_266 + 740,wr_raw_267 + 740,wr_raw_268 + 740,wr_raw_269 + 740,wr_raw_270 + 740,wr_raw_271 + 740,wr_raw_272 + 740,wr_raw_273 + 740,wr_raw_274 + 740,wr_raw_275 + 740,wr_raw_276 + 740,wr_raw_277 + 740,wr_raw_278 + 740,wr_raw_279 + 740,wr_raw_280 + 740,wr_raw_281 + 740,wr_raw_282 + 740,wr_raw_283 + 740,wr_raw_284 + 740,wr_raw_285 + 740,wr_raw_286 + 740,wr_raw_287 + 740,wr_raw_288 + 740,wr_raw_289 + 740,wr_raw_290 + 740,wr_raw_291 + 740,wr_raw_292 + 740,wr_raw_293 + 740,wr_raw_294 + 740,wr_raw_295 + 740,wr_raw_296 + 740,wr_raw_297 + 740,wr_raw_298 + 740,wr_raw_299 + 740,wr_raw_300 + 740,wr_raw_301 + 740,wr_raw_302 + 740,wr_raw_303 + 740,wr_raw_304 + 740,wr_raw_305 + 740,wr_raw_306 + 740,wr_raw_307 + 740,wr_raw_308 + 740,wr_raw_309 + 740,wr_raw_310 + 740,wr_raw_311 + 740,wr_raw_312 + 740,wr_raw_313 + 740,wr_raw_314 + 740,wr_raw_315 + 740,wr_raw_316 + 740,wr_raw_317 + 740,wr_raw_318 + 740,wr_raw_319 + 740,wr_raw_320 + 740,wr_raw_321 + 740,wr_raw_322 + 740,wr_raw_323 + 740,wr_raw_324 + 740,wr_raw_325 + 740,wr_raw_326 + 740,wr_raw_327 + 740,wr_raw_328 + 740,wr_raw_329 + 740,wr_raw_330 + 740,sample_raw_0 + 740,sample_raw_1 + 740,sample_raw_2 + 740,sample_raw_3 + 740,sample_raw_4 + 740,sample_raw_5 + 740,sample_raw_6 + 740,sample_raw_7 + 740,sample_raw_8 + 740,sample_raw_9 + 740,sample_raw_10 + 740,sample_raw_11 + 740,sample_raw_12 + 740,sample_raw_13 + 740,sample_raw_14 + 740,sample_raw_15 + 740,sample_raw_16 + 740,sample_raw_17 + 740,sample_raw_18 + 740,sample_raw_19 + 740,sample_raw_20 + 740,sample_raw_21 + 740,sample_raw_22 + 740,sample_raw_23 + 740,sample_raw_24 + 740,sample_raw_25 + 740,sample_raw_26 + 740,sample_raw_27 + 740,sample_raw_28 + 740,sample_raw_29 + 740,sample_raw_30 + 740,sample_raw_31 + 740,sample_raw_32 + 740,sample_raw_33 + 740,sample_raw_34 + 740,sample_raw_35 + 740,sample_raw_36 + 740,sample_raw_37 + 740,sample_raw_38 + 740,sample_raw_39 + 740,sample_raw_40 + 740,sample_raw_41 + 740,sample_raw_42 + 740,sample_raw_43 + 740,sample_raw_44 + 740,sample_raw_45 + 740,sample_raw_46 + 740,sample_raw_47 + 740,sample_raw_48 + 740,sample_raw_49 + 740,sample_raw_50 + 740,sample_raw_51 + 740,sample_raw_52 + 740,sample_raw_53 + 740,sample_raw_54 + 740,sample_raw_55 + 740,sample_raw_56 + 740,sample_raw_57 + 740,sample_raw_58 + 740,sample_raw_59 + 740,sample_raw_60 + 740,sample_raw_61 + 740,sample_raw_62 + 740,sample_raw_63 + 740,sample_raw_64 + 740,sample_raw_65 + 740,sample_raw_66 + 740,sample_raw_67 + 740,sample_raw_68 + 740,sample_raw_69 + 740,sample_raw_70 + 740,sample_raw_71 + 740,sample_raw_72 + 740,sample_raw_73 + 740,sample_raw_74 + 740,sample_raw_75 + 740,sample_raw_76 + 740,sample_raw_77 + 740,sample_raw_78 + 740,sample_raw_79 + 740,sample_raw_80 + 740,sample_raw_81 + 740,sample_raw_82 + 740,sample_raw_83 + 740,sample_raw_84 + 740,sample_raw_85 + 740,sample_raw_86 + 740,sample_raw_87 + 740,sample_raw_88 + 740,sample_raw_89 + 740,sample_raw_90 + 740,sample_raw_91 + 740,sample_raw_92 + 740,sample_raw_93 + 740,sample_raw_94 + 740,sample_raw_95 + 740,sample_raw_96 + 740,sample_raw_97 + 740,sample_raw_98 + 740,sample_raw_99 + 740,sample_raw_100 + 740,sample_raw_101 + 740,sample_raw_102 + 740,sample_raw_103 + 740,sample_raw_104 + 740,sample_raw_105 + 740,sample_raw_106 + 740,sample_raw_107 + 740,sample_raw_108 + 740,sample_raw_109 + 740,sample_raw_110 + 740,sample_raw_111 + 740,sample_raw_112 + 740,sample_raw_113 + 740,sample_raw_114 + 740,sample_raw_115 + 740,sample_raw_116 + 740,sample_raw_117 + 740,sample_raw_118 + 740,sample_raw_119 + 740,sample_raw_120 + 740,sample_raw_121 + 740,sample_raw_122 + 740,sample_raw_123 + 740,sample_raw_124 + 740,sample_raw_125 + 740,sample_raw_126 + 740,sample_raw_127 + 740,sample_raw_128 + 740,sample_raw_129 + 740,sample_raw_130 + 740,sample_raw_131 + 740,sample_raw_132 + 740,sample_raw_133 + 740,sample_raw_134 + 740,sample_raw_135 + 740,sample_raw_136 + 740,sample_raw_137 + 740,sample_raw_138 + 740,sample_raw_139 + 740,sample_raw_140 + 740,sample_raw_141 + 740,sample_raw_142 + 740,sample_raw_143 + 740,sample_raw_144 + 740,sample_raw_145 + 740,sample_raw_146 + 740,sample_raw_147 + 740,sample_raw_148 + 740,sample_raw_149 + 740,sample_raw_150 + 740,sample_raw_151 + 740,sample_raw_152 + 740,sample_raw_153 + 740,sample_raw_154 + 740,sample_raw_155 + 740,sample_raw_156 + 740,sample_raw_157 + 740,sample_raw_158 + 740,sample_raw_159 + 740,sample_raw_160 + 740,sample_raw_161 + 740,sample_raw_162 + 740,sample_raw_163 + 740,sample_raw_164 + 740,sample_raw_165 + 740,sample_raw_166 + 740,sample_raw_167 + 740,sample_raw_168 + 740,sample_raw_169 + 740,sample_raw_170 + 740,sample_raw_171 + 740,sample_raw_172 + 740,sample_raw_173 + 740,sample_raw_174 + 740,sample_raw_175 + 740,sample_raw_176 + 740,sample_raw_177 + 740,sample_raw_178 + 740,sample_raw_179 + 740,sample_raw_180 + 740,sample_raw_181 + 740,sample_raw_182 + 740,sample_raw_183 + 740,sample_raw_184 + 740,sample_raw_185 + 740,sample_raw_186 + 740,sample_raw_187 + 740,sample_raw_188 + 740,sample_raw_189 + 740,sample_raw_190 + 740,sample_raw_191 + 740,sample_raw_192 + 740,sample_raw_193 + 740,sample_raw_194 + 740,sample_raw_195 + 740,sample_raw_196 + 740,sample_raw_197 + 740,sample_raw_198 + 740,sample_raw_199 + 740,sample_raw_200 + 740,sample_raw_201 + 740,sample_raw_202 + 740,sample_raw_203 + 740,sample_raw_204 + 740,sample_raw_205 + 740,sample_raw_206 + 740,sample_raw_207 + 740,sample_raw_208 + 740,sample_raw_209 + 740,sample_raw_210 + 740,sample_raw_211 + 740,sample_raw_212 + 740,sample_raw_213 + 740,sample_raw_214 + 740,sample_raw_215 + 740,sample_raw_216 + 740,sample_raw_217 + 740,sample_raw_218 + 740,sample_raw_219 + 740,sample_raw_220 + 740,sample_raw_221 + 740,sample_raw_222 + 740,sample_raw_223 + 740,sample_raw_224 + 740,sample_raw_225 + 740,sample_raw_226 + 740,sample_raw_227 + 740,sample_raw_228 + 740,sample_raw_229 + 740,sample_raw_230 + 740,sample_raw_231 + 740,sample_raw_232 + 740,sample_raw_233 + 740,sample_raw_234 + 740,sample_raw_235 + 740,sample_raw_236 + 740,sample_raw_237 + 740,sample_raw_238 + 740,sample_raw_239 + 740,sample_raw_240 + 740,sample_raw_241 + 740,sample_raw_242 + 740,sample_raw_243 + 740,sample_raw_244 + 740,sample_raw_245 + 740,sample_raw_246 + 740,sample_raw_247 + 740,sample_raw_248 + 740,sample_raw_249 + 740,sample_raw_250 + 740,sample_raw_251 + 740,sample_raw_252 + 740,sample_raw_253 + 740,sample_raw_254 + 740,sample_raw_255 + 740,sample_raw_256 + 740,sample_raw_257 + 740,sample_raw_258 + 740,sample_raw_259 + 740,sample_raw_260 + 740,sample_raw_261 + 740,sample_raw_262 + 740,sample_raw_263 + 740,sample_raw_264 + 740,sample_raw_265 + 740,sample_raw_266 + 740,sample_raw_267 + 740,sample_raw_268 + 740,sample_raw_269 + 740,sample_raw_270 + 740,sample_raw_271 + 740,sample_raw_272 + 740,sample_raw_273 + 740,sample_raw_274 + 740,sample_raw_275 + 740,sample_raw_276 + 740,sample_raw_277 + 740,sample_raw_278 + 740,sample_raw_279 + 740,sample_raw_280 + 740,sample_raw_281 + 740,sample_raw_282 + 740,sample_raw_283 + 740,sample_raw_284 + 740,sample_raw_285 + 740,sample_raw_286 + 740,sample_raw_287 + 740,sample_raw_288 + 740,sample_raw_289 + 740,sample_raw_290 + 740,sample_raw_291 + 740,sample_raw_292 + 740,sample_raw_293 + 740,sample_raw_294 + 740,sample_raw_295 + 740,sample_raw_296 + 740,sample_raw_297 + 740,sample_raw_298 + 740,sample_raw_299 + 740,sample_raw_300 + 740,sample_raw_301 + 740,sample_raw_302 + 740,sample_raw_303 + 740,sample_raw_304 + 740,sample_raw_305 + 740,sample_raw_306 + 740,sample_raw_307 + 740,sample_raw_308 + 740,sample_raw_309 + 740,sample_raw_310 + 740,sample_raw_311 + 740,sample_raw_312 + 740,sample_raw_313 + 740,sample_raw_314 + 740,sample_raw_315 + 740,sample_raw_316 + 740,sample_raw_317 + 740,sample_raw_318 + 740,sample_raw_319 + 740,sample_raw_320 + 740,sample_raw_321 + 740,sample_raw_322 + 740,sample_raw_323 + 740,sample_raw_324 + 740,sample_raw_325 + 740,sample_raw_326 + 740,sample_raw_327 + 740,sample_raw_328 + 740,sample_raw_329 + 740,sample_raw_330 + 740
int,unicode,datetime,unicode,unicode,unicode,NoneType,float,GPS,str,float,float,float,float,float,float,float,float,float,float,float,float,float,float,float,float,float,float,float,float,float,float,float,float,float,float,float,float,float,float,float,float,float,float,float,float,float,float,float,float,float,float,float,float,float,float,float,float,float,float,float,float,float,float,float,float,float,float,float,float,float,float,float,float,float,float,float,float,float,float,float,float,float,float,float,float,float,float,float,float,float,float,float,float,float,float,float,float,float,float,float,float,float,float,float,float,float,float,float,float,float,float,float,float,float,float,float,float,float,float,float,float,float,float,float,float,float,float,float,float,float,float,float,float,float,float,float,float,float,float,float,float,float,float,float,float,float,float,float,float,float,float,float,float,float,float,float,float,float,float,float,float,float,float,float,float,float,float,float,float,float,float,float,float,float,float,float,float,float,float,float,float,float,float,float,float,float,float,float,float,float,float,float,float,float,float,float,float,float,float,float,float,float,float,float,float,float,float,float,float,float,float,float,float,float,float,float,float,float,float,float,float,float,float,float,float,float,float,float,float,float,float,float,float,float,float,float,float,float,float,float,float,float,float,float,float,float,float,float,float,float,float,float,float,float,float,float,float,float,float,float,float,float,float,float,float,float,float,float,float,float,float,float,float,float,float,float,float,float,float,float,float,float,float,float,float,float,float,float,float,float,float,float,float,float,float,float,float,float,float,float,float,float,float,float,float,float,float,float,float,float,float,float,float,float,float,float,float,float,float,float,float,float,float,float,float,float,float,float,float,float,float,float,float,float,float,float,float,float,float,float,float,float,float,float,float,float,float,float,float,float,float,float,float,float,float,float,float,float,float,float,float,float,float,float,float,float,float,float,float,float,float,float,float,float,float,float,float,float,float,float,float,float,float,float,float,float,float,float,float,float,float,float,float,float,float,float,float,float,float,float,float,float,float,float,float,float,float,float,float,float,float,float,float,float,float,float,float,float,float,float,float,float,float,float,float,float,float,float,float,float,float,float,float,float,float,float,float,float,float,float,float,float,float,float,float,float,float,float,float,float,float,float,float,float,float,float,float,float,float,float,float,float,float,float,float,float,float,float,float,float,float,float,float,float,float,float,float,float,float,float,float,float,float,float,float,float,float,float,float,float,float,float,float,float,float,float,float,float,float,float,float,float,float,float,float,float,float,float,float,float,float,float,float,float,float,float,float,float,float,float,float,float,float,float,float,float,float,float,float,float,float,float,float,float,float,float,float,float,float,float,float,float,float,float,float,float,float,float,float,float,float,float,float,float,float,float,float,float,float,float,float,float,float,float,float,float,float,float,float,float,float,float,float,float,float,float,float,float,float,float,float,float,float,float,float,float,float,float,float,float,float,float,float,float,float,float,float,float,float,float,float,float,float,float,float,float,float,float,float,float,float,float,float,float,float,float,float,float,float,float,float,float,float,float,float,float,float,float,float,float,float,float,float,float,float,float,float,float,float,float,float,float,float,float,float,float,float,float,float,float,float,float,float,float,float,float,float,float,float,float,float,float,float,float,float,float,float,float,float,float,float,float,float,float,float,float,float,float,float,float,float,float,float,float,float,float,float,float,float,float,float,float,float,float,float,float,float,float,float,float,float,float,float,float,float,float,float,float,float,float,float,float,float,float,float,float,float,float,float,float,float,float,float,float,float,float,float,float,float,float,float,float,float,float,float,float,float,float,float,float,float,float,float,float,float,float,float,float,float,float,float,float,float,float,float,float,float,float,float,float,float,float,float,float,float,float,float,float,float,float,float,float,float,float,float,float,float,float,float,float,float,float,float,float,float,float,float,float,float,float,float,float,float,float,float,float,float,float,float,float,float,float,float,float,float,float,float,float,float,float,float,float,float,float,float,float,float,float,float,float,float,float,float,float,float,float,float,float,float,float,float,float,float,float,float,float,float,float,float,float,float,float,float,float,float,float,float,float,float,float,float,float,float,float,float,float,float,float,float,float,float,float,float,float,float,float,float,float,float,float,float,float,float,float,float,float,float,float,float,float,float,float,float,float,float,float,float,float,float,float,float,float,float,float,float,float,float,float,float,float,float,float,float,float,float,float,float,float,float,float,float,float,float,float,float,float,float,float,float,float,float,float,float,float,float,float,float,float,float,float,float,float,float,float,float,float,float,float,float,float,float,float,float,float,float,float,float,float,float,float,float,float,float,float,float,float,float,float,float,float,float,float,float,float,float,float,float,float,float,float,float,float,float,float,float,float,float,float,float,float,float,float,float,float,float,float,float,float,float,float,float,float,float,float,float,float,float,float,float,float,float,float
1,de72312c-e667-4e5d-8bcb-fc7686f9130c,11/26/18,n/a,blue_foam.ply,103B5BA237E448A5,None,0,lat 33.7775 lon -84.3975,no,0.216287714709,0.221128255202,0.226240004891,0.231596644763,0.237294931537,0.243384338261,0.24987588768,0.256755355078,0.264007167638,0.271594133995,0.279490173794,0.28766816887,0.296116707567,0.30483542309,0.313758566569,0.322831855269,0.331978564285,0.341132056242,0.350261833894,0.359345413016,0.368372444235,0.377321514846,0.386148649625,0.394811894082,0.40329172109,0.411586480646,0.419729756876,0.427748348044,0.435633290493,0.443363017125,0.450892886824,0.458203725732,0.465308995721,0.472236048427,0.479012866587,0.485635282508,0.492080582497,0.498335028206,0.504411833622,0.510359997554,0.516216737679,0.521999305286,0.527688731186,0.533252923643,0.538681015044,0.543994871464,0.549220594862,0.55437221383,0.559421649533,0.564326943914,0.569057875849,0.573616230753,0.578032672109,0.582345648642,0.586563719277,0.590674181524,0.594656877677,0.598511645914,0.602267291711,0.605952584834,0.609589985165,0.613171867048,0.616675227695,0.620083826806,0.623400891992,0.626640874788,0.629826998835,0.63296652812,0.636057369825,0.639090742872,0.642070488768,0.645006644101,0.647915072227,0.650791617501,0.65362256895,0.656384796963,0.659070075055,0.661679366881,0.66422631219,0.666723860707,0.669163880693,0.671530936152,0.673815203752,0.676022667477,0.678175707501,0.680301589225,0.682399243892,0.68445666729,0.686446671603,0.688354396361,0.690193896752,0.691991509137,0.693770156835,0.695535862124,0.697274633207,0.698969331953,0.70061917253,0.702229911045,0.703810601809,0.705368776195,0.706898724946,0.708403964467,0.709873626718,0.711302503966,0.712679345182,0.713994594927,0.715243335854,0.716437312145,0.717599952938,0.718746554633,0.719877103378,0.720966664502,0.721999186747,0.722970305548,0.723898345749,0.724809965666,0.725725426132,0.726631218017,0.727506699709,0.728329884642,0.729103895234,0.729848153043,0.730594835561,0.731369883609,0.732172534778,0.732989075962,0.733800220953,0.734607576881,0.735417987083,0.736244950857,0.73708159357,0.737912242009,0.738701408342,0.739419440011,0.740048159333,0.740595193979,0.741064748085,0.741462091144,0.741785870592,0.742039050482,0.74223758981,0.74241017448,0.742580447322,0.742756929279,0.742933993754,0.743091907343,0.743225377868,0.743332929693,0.743419474064,0.743479043231,0.743501552057,0.743470654702,0.743381529086,0.743242225537,0.743070682299,0.742876610519,0.742658025996,0.742405369566,0.742103579418,0.741758300848,0.741370573715,0.740951143936,0.740507677601,0.740040691649,0.73956152502,0.739082227783,0.738616329212,0.738172703204,0.737756103555,0.737358057516,0.736983213351,0.736637674005,0.736348139824,0.736145759902,0.736032025661,0.735997566817,0.736017037109,0.736068972418,0.7361532313,0.736271855922,0.736428877995,0.736611308878,0.736784458692,0.736915363249,0.737000145866,0.737059065375,0.737130056226,0.737247270559,0.737424925306,0.7376677172,0.737971278166,0.738337285049,0.738775306294,0.739293763567,0.739895176903,0.740582598977,0.741359622128,0.742225104589,0.743151834704,0.744101806102,0.745019669326,0.745890991541,0.746728649587,0.747560305647,0.748407853749,0.749235866008,0.749995212096,0.750639240559,0.751181667188,0.751681441545,0.752226878809,0.752826404393,0.753425786681,0.753944517409,0.754312274464,0.754566874129,0.754765871309,0.754991847994,0.755272850552,0.755581081634,0.755854881715,0.756069969537,0.756240715031,0.756404272556,0.756607131444,0.756844208664,0.75710323928,0.757338376271,0.757522441972,0.757650542898,0.757743686059,0.757838034488,0.757962036287,0.758136153487,0.758342429497,0.758548521285,0.758720739868,0.75884882507,0.758944840678,0.759033603951,0.759126767251,0.759215033868,0.759276633472,0.759282844497,0.759234033533,0.75914932294,0.759053427301,0.758954079882,0.758829117766,0.758641734813,0.758368100379,0.758014997736,0.757619850111,0.757224261361,0.756843912923,0.756456855638,0.756029444628,0.755549823858,0.755042665498,0.754543793601,0.754070323212,0.753597594466,0.753078205634,0.752472638602,0.751794180147,0.751103855037,0.750461641276,0.749897827358,0.749399362738,0.748956064272,0.748580366658,0.748320054974,0.74820363334,0.748227195962,0.748310004059,0.74835465732,0.748292658427,0.748112235252,0.747872833198,0.747603814648,0.747306143964,0.74696120926,0.746555521308,0.746114598041,0.745736766945,0.745491204081,0.745441051875,0.745565149024,0.745766887482,0.745966785961,0.746113405914,0.746158828978,0.746161297735,0.746114120936,0.74598969412,0.745828010166,0.745627765957,0.745424531117,0.745250205806,0.745108509038,0.744975156753,0.744838305819,0.744609185679,0.744396451405,0.744291038896,0.744319490315,0.744452067109,0.744578922132,0.74465579455,0.744630717992,0.744512790771,0.744375169599,0.744384002749,0.744513939001,0.744742680791,0.744950116335,0.745075763684,0.745044227897,0.74475731241,0.744341262119,0.74408703036,0.744205291358,0.744335502198,0.744320868143,0.743959692828,0.743273875763,0.742394516633,0.741786783553,0.741861553936,0.742476881656,0.743086292197,2112.54,2082.16,2075.61,2085.61,2101.07,2117.86,2133.62,2147.59,2159.35,2168.89,2176.42,2182.17,2186.43,2189.38,2191.81,2193.87,2196.29,2199.31,2202.65,2206.16,2209.35,2211.85,2213.47,2213.87,2213.2,2211.27,2208.01,2203.45,2197.82,2191.62,2185.12,2178.76,2172.68,2166.78,2160.69,2154.5,2148.01,2141.13,2133.64,2125.04,2115.3,2104.17,2091.8,2078.55,2064.71,2050.36,2035.7,2020.91,2006.42,1992.51,1979.36,1966.99,1955.17,1943.66,1932.11,1920.26,1907.92,1894.77,1880.61,1865.3,1848.87,1831.58,1813.78,1795.71,1777.76,1760.12,1742.86,1726.17,1709.88,1694.17,1678.75,1663.44,1648,1632.3,1616.17,1599.81,1583.26,1566.63,1550.2,1533.84,1517.83,1502.19,1487.01,1472.3,1457.99,1443.82,1429.73,1415.57,1401.14,1386.46,1371.27,1355.64,1339.43,1322.74,1305.74,1288.63,1271.58,1254.71,1238.35,1222.64,1207.89,1194.1,1181.47,1169.9,1159.23,1149.31,1139.93,1130.83,1121.58,1111.85,1101.46,1090.32,1078.36,1065.64,1052.34,1038.61,1024.65,1010.74,997.23,984.5,972.54,961.41,951.07,941.48,932.49,924,915.88,907.97,900.1,891.98,883.59,874.89,865.88,856.56,846.98,837.19,827.25,817.22,807.16,797.21,787.38,777.75,768.3,759.08,750.08,741.35,732.8,724.39,716.1,707.83,699.6,691.29,682.91,674.41,665.72,656.73,647.5,638.03,628.31,618.42,608.41,598.36,588.38,578.52,568.92,559.7,550.94,542.67,534.92,527.74,521.07,514.78,508.77,502.92,497.11,491.21,485.14,478.87,472.37,465.56,458.44,451.14,443.7,436.17,428.62,421.09,413.62,406.2,398.88,391.71,384.73,377.87,371.16,364.58,358.17,351.87,345.71,339.67,333.75,327.94,322.22,316.58,310.98,305.41,299.8,294.19,288.54,282.89,277.23,271.55,265.87,260.22,254.67,249.26,244.05,239.04,234.2,229.48,224.87,220.32,215.82,211.38,206.97,202.58,198.2,193.84,189.53,185.32,181.21,177.23,173.37,169.61,165.91,162.25,158.62,155,151.37,147.75,144.14,140.55,136.99,133.48,130.05,126.71,123.48,120.35,117.32,114.38,111.53,108.76,106.06,103.42,100.83,98.28,95.78,93.31,90.89,88.53,86.2,83.93,81.7,79.51,77.39,75.31,73.28,71.28,69.31,67.36,65.44,63.52,61.62,59.74,57.86,56.02,54.21,52.47,50.78,49.16,47.58,46.07,44.6,43.18,41.8,40.46,39.14,37.83,36.54,35.27,34.03,32.81,31.63,30.49,29.39,28.33,27.29,26.29,25.33,24.39,23.48,22.6,21.74,20.9,20.1,19.33,18.57,17.85,17.15,16.47,15.83,15.22,14.65,14.09,13.57,13.07,12.58,12.13,11.7,11.29,10.91,10.55,10.2,9.87,9.49,9.05,8.57,8.03,7.44,6.8,6.1,5.35,4.54,456.92,460.42,469.59,483.02,498.57,515.45,533.14,551.41,570.08,589.06,608.29,627.74,647.44,667.4,687.7,708.25,729.12,750.26,771.51,792.77,813.86,834.58,854.73,874.06,892.57,910.13,926.77,942.52,957.45,971.68,985.25,998.32,1010.97,1023.23,1035,1046.3,1056.99,1067,1076.23,1084.53,1091.96,1098.37,1103.82,1108.39,1112.22,1115.38,1118.05,1120.34,1122.43,1124.43,1126.37,1128.3,1130.15,1131.88,1133.3,1134.25,1134.56,1134.04,1132.63,1130.28,1127.05,1123.08,1118.52,1113.49,1108.26,1102.96,1097.7,1092.61,1087.58,1082.73,1077.87,1072.93,1067.76,1062.29,1056.37,1050.09,1043.48,1036.61,1029.68,1022.65,1015.68,1008.77,1001.97,995.31,988.77,982.23,975.65,968.9,961.81,954.37,946.45,938.09,929.26,920.01,910.46,900.72,890.89,881.1,871.56,862.41,853.85,845.91,838.69,832.15,826.16,820.6,815.33,810.17,804.85,799.14,792.92,786.08,778.58,770.43,761.79,752.8,743.61,734.44,725.49,717.04,709.08,701.69,694.85,688.57,682.75,677.28,672.07,667,661.95,656.72,651.28,645.59,639.63,633.36,626.81,620.02,613.04,605.94,598.74,591.56,584.42,577.41,570.53,563.81,557.26,550.89,544.64,538.46,532.36,526.26,520.15,513.95,507.66,501.25,494.68,487.87,480.87,473.67,466.27,458.72,451.05,443.36,435.7,428.13,420.75,413.67,406.93,400.58,394.64,389.13,384.02,379.2,374.63,370.23,365.89,361.53,357.07,352.48,347.74,342.78,337.61,332.32,326.91,321.42,315.89,310.37,304.89,299.47,294.14,288.96,283.92,279,274.2,269.53,265.01,260.59,256.3,252.11,248.02,244.02,240.06,236.14,232.22,228.31,224.38,220.42,216.4,212.35,208.25,204.12,199.99,195.9,191.88,187.93,184.09,180.37,176.76,173.26,169.84,166.47,163.13,159.82,156.52,153.23,149.96,146.71,143.5,140.35,137.27,134.28,131.37,128.54,125.76,123.01,120.29,117.57,114.85,112.12,109.39,106.68,103.99,101.34,98.74,96.21,93.75,91.36,89.05,86.81,84.63,82.51,80.43,78.39,76.39,74.42,72.49,70.59,68.72,66.89,65.09,63.33,61.6,59.92,58.28,56.67,55.09,53.54,52.02,50.52,49.04,47.58,46.13,44.7,43.29,41.91,40.57,39.26,38,36.77,35.59,34.44,33.33,32.25,31.21,30.18,29.19,28.2,27.24,26.3,25.38,24.47,23.6,22.75,21.93,21.13,20.36,19.61,18.89,18.18,17.5,16.84,16.19,15.57,14.97,14.39,13.82,13.28,12.77,12.27,11.79,11.33,10.9,10.49,10.1,9.73,9.37,9.04,8.72,8.41,8.12,7.85,7.59,7.35,7.06,6.74,6.37,5.97,5.53,5.04,4.53,3.97,3.37
2,de72312c-e667-4e5d-8bcb-fc7686f9130c,11/26/18,n/a,blue_foam.ply,103B5BA237E448A5,None,0,lat 33.7774 lon -84.3975,no,0.160448720719,0.164259853337,0.168368293236,0.172741011363,0.177436773961,0.182482015257,0.187874400302,0.193592875317,0.199616562916,0.205909075797,0.212445715044,0.219203849451,0.226175320443,0.233364201556,0.240724347626,0.248220218551,0.255797540448,0.263408445602,0.271031750254,0.27865003901,0.286253997234,0.293824435079,0.301323856531,0.308717410222,0.315989376927,0.323139341103,0.330197580208,0.337189939087,0.344114107906,0.350957870239,0.35768773313,0.364289145908,0.37077025761,0.377147704933,0.383437844038,0.389629798585,0.395697751081,0.401623861144,0.407412593396,0.413100239558,0.4187149914,0.424271257946,0.429755715066,0.435144324947,0.440430580566,0.445634708355,0.450779351291,0.455877160877,0.460905276059,0.465828381425,0.470620893101,0.475281959727,0.479834539444,0.484307796831,0.48870531917,0.493013016625,0.497210983802,0.501295986712,0.505290444247,0.509216744222,0.51309430115,0.516918627492,0.520674021382,0.524351673271,0.527958961038,0.53151083732,0.53502813078,0.538515305206,0.541966645886,0.545369307488,0.548719174848,0.552017430287,0.555270475436,0.558469608525,0.561601416853,0.564648629502,0.56761015128,0.570496230305,0.573328429113,0.576127789328,0.578894448103,0.581619274184,0.584294055949,0.586920659845,0.589511312097,0.592080716942,0.594617909729,0.597103905895,0.59950886707,0.601816953749,0.604041203719,0.606208907201,0.60834562088,0.610463737703,0.61255737012,0.614616250139,0.616642469407,0.618641234456,0.620618528445,0.622577053587,0.624506608705,0.626405568345,0.628260059699,0.630062506971,0.631801566206,0.633469394409,0.635063757211,0.636597711817,0.638095638888,0.639573864051,0.641035403394,0.642459086959,0.643831443473,0.645147861148,0.646423722534,0.647681656526,0.648938215197,0.650179637899,0.65138561074,0.652535497778,0.65363119764,0.654689656088,0.655739961809,0.656805554685,0.657886256961,0.658970004174,0.660039676996,0.661097074871,0.662148736095,0.663207326611,0.664266668823,0.66531232201,0.66631222714,0.667239480955,0.668077471916,0.668832868818,0.669509185982,0.670110656651,0.670635262258,0.671084415342,0.671471555923,0.671821700566,0.672155234248,0.672479088541,0.672787604076,0.673062787823,0.67329986298,0.673497903759,0.673662218735,0.673788367446,0.673868387947,0.673888459827,0.673845177268,0.673746545193,0.673609344718,0.673442527729,0.67324413314,0.673005216597,0.672712061505,0.672369924864,0.671980563779,0.671554968545,0.671102142579,0.670624913279,0.670136134716,0.669649297665,0.669178733353,0.66873370377,0.66831845755,0.667923996123,0.667551598515,0.667202991615,0.666897899721,0.66665989593,0.666486162123,0.666365111348,0.666271980444,0.666187300343,0.666112639889,0.666052963517,0.666016377945,0.665996571465,0.665968050816,0.665907175472,0.665816246166,0.665718793989,0.665653677151,0.665655397724,0.665739703661,0.665913128681,0.666173602376,0.666524018081,0.666973964597,0.667531429925,0.668198578446,0.6689770305,0.669867976097,0.670866977752,0.671945006309,0.673062075101,0.674161436253,0.675222770545,0.676250540756,0.677263141774,0.678274821821,0.679249256319,0.680139442728,0.680902329433,0.68155137005,0.682142633381,0.682759829798,0.683414880582,0.684062872541,0.684634869163,0.685070139039,0.685405392093,0.685693931234,0.68601089209,0.686380891506,0.68677709189,0.687141549041,0.687450194818,0.687714147088,0.687965638209,0.68824572152,0.688549059957,0.688864191646,0.68914932524,0.689379980532,0.689552070994,0.689685304016,0.689813171527,0.689962172213,0.690151373062,0.690364726912,0.690572994533,0.69074555124,0.690872985149,0.690966061846,0.691047178698,0.691126669627,0.691195854173,0.691234755348,0.691217201552,0.691143562939,0.691031373698,0.690903272639,0.690766527289,0.690601060798,0.690373680712,0.690062929712,0.689675428347,0.689245754982,0.688812565476,0.688391353764,0.68796357318,0.687500335622,0.686992605549,0.686464750412,0.685950958234,0.685468208405,0.68499495553,0.684488470794,0.683912572676,0.683278431016,0.682640274253,0.682050946355,0.681536002294,0.681081651785,0.680676865223,0.680331359735,0.680087342217,0.679969981762,0.679975425274,0.680030379064,0.6800467215,0.679962842339,0.679769267613,0.679520977367,0.67924585415,0.67894625869,0.678606781575,0.678216530194,0.677799747653,0.677446796258,0.677220772507,0.677179389902,0.677303501173,0.677505347518,0.677712162392,0.677876967681,0.677956101464,0.678001775838,0.678007331904,0.677947147606,0.677857055686,0.67773497154,0.677612434699,0.677517608887,0.677453179343,0.677396311033,0.677335440284,0.677189280042,0.677056142008,0.677018109929,0.677099122415,0.677271671115,0.677435425163,0.67754963335,0.677566955397,0.677495242347,0.677400402224,0.677433694377,0.677571865782,0.677794575004,0.67799239646,0.678110617587,0.678080891959,0.677814232913,0.677425982768,0.677181443533,0.677272829603,0.677374332231,0.677343714575,0.676997825409,0.676356892318,0.675540457039,0.674972064369,0.675025789584,0.675572723339,0.676116029634,2112.54,2082.16,2075.61,2085.61,2101.07,2117.86,2133.62,2147.59,2159.35,2168.89,2176.42,2182.17,2186.43,2189.38,2191.81,2193.87,2196.29,2199.31,2202.65,2206.16,2209.35,2211.85,2213.47,2213.87,2213.2,2211.27,2208.01,2203.45,2197.82,2191.62,2185.12,2178.76,2172.68,2166.78,2160.69,2154.5,2148.01,2141.13,2133.64,2125.04,2115.3,2104.17,2091.8,2078.55,2064.71,2050.36,2035.7,2020.91,2006.42,1992.51,1979.36,1966.99,1955.17,1943.66,1932.11,1920.26,1907.92,1894.77,1880.61,1865.3,1848.87,1831.58,1813.78,1795.71,1777.76,1760.12,1742.86,1726.17,1709.88,1694.17,1678.75,1663.44,1648,1632.3,1616.17,1599.81,1583.26,1566.63,1550.2,1533.84,1517.83,1502.19,1487.01,1472.3,1457.99,1443.82,1429.73,1415.57,1401.14,1386.46,1371.27,1355.64,1339.43,1322.74,1305.74,1288.63,1271.58,1254.71,1238.35,1222.64,1207.89,1194.1,1181.47,1169.9,1159.23,1149.31,1139.93,1130.83,1121.58,1111.85,1101.46,1090.32,1078.36,1065.64,1052.34,1038.61,1024.65,1010.74,997.23,984.5,972.54,961.41,951.07,941.48,932.49,924,915.88,907.97,900.1,891.98,883.59,874.89,865.88,856.56,846.98,837.19,827.25,817.22,807.16,797.21,787.38,777.75,768.3,759.08,750.08,741.35,732.8,724.39,716.1,707.83,699.6,691.29,682.91,674.41,665.72,656.73,647.5,638.03,628.31,618.42,608.41,598.36,588.38,578.52,568.92,559.7,550.94,542.67,534.92,527.74,521.07,514.78,508.77,502.92,497.11,491.21,485.14,478.87,472.37,465.56,458.44,451.14,443.7,436.17,428.62,421.09,413.62,406.2,398.88,391.71,384.73,377.87,371.16,364.58,358.17,351.87,345.71,339.67,333.75,327.94,322.22,316.58,310.98,305.41,299.8,294.19,288.54,282.89,277.23,271.55,265.87,260.22,254.67,249.26,244.05,239.04,234.2,229.48,224.87,220.32,215.82,211.38,206.97,202.58,198.2,193.84,189.53,185.32,181.21,177.23,173.37,169.61,165.91,162.25,158.62,155,151.37,147.75,144.14,140.55,136.99,133.48,130.05,126.71,123.48,120.35,117.32,114.38,111.53,108.76,106.06,103.42,100.83,98.28,95.78,93.31,90.89,88.53,86.2,83.93,81.7,79.51,77.39,75.31,73.28,71.28,69.31,67.36,65.44,63.52,61.62,59.74,57.86,56.02,54.21,52.47,50.78,49.16,47.58,46.07,44.6,43.18,41.8,40.46,39.14,37.83,36.54,35.27,34.03,32.81,31.63,30.49,29.39,28.33,27.29,26.29,25.33,24.39,23.48,22.6,21.74,20.9,20.1,19.33,18.57,17.85,17.15,16.47,15.83,15.22,14.65,14.09,13.57,13.07,12.58,12.13,11.7,11.29,10.91,10.55,10.2,9.87,9.49,9.05,8.57,8.03,7.44,6.8,6.1,5.35,4.54,338.95,342.02,349.47,360.27,372.81,386.47,400.85,415.76,431.04,446.59,462.37,478.34,494.52,510.92,527.62,544.56,561.81,579.32,596.99,614.75,632.43,649.9,666.97,683.46,699.35,714.55,729.08,742.98,756.3,769.16,781.59,793.7,805.57,817.2,828.49,839.46,849.96,859.93,869.27,877.85,885.71,892.74,898.96,904.47,909.36,913.71,917.65,921.29,924.77,928.17,931.53,934.87,938.16,941.33,944.23,946.71,948.64,949.84,950.26,949.84,948.65,946.78,944.39,941.58,938.59,935.52,932.48,929.57,926.7,923.95,921.16,918.25,915.09,911.59,907.65,903.33,898.67,893.76,888.77,883.69,878.67,873.7,868.85,864.13,859.5,854.86,850.14,845.24,840,834.39,828.31,821.8,814.84,807.48,799.84,792.02,784.11,776.22,768.54,761.19,754.33,747.99,742.27,737.11,732.4,728.05,723.93,719.89,715.68,711.11,706.08,700.49,694.28,687.5,680.26,672.69,664.93,657.17,649.58,642.42,635.68,629.43,623.66,618.37,613.48,608.89,604.52,600.25,596,591.57,586.94,582.08,576.95,571.53,565.85,559.94,553.85,547.63,541.31,534.99,528.7,522.51,516.42,510.46,504.65,498.98,493.4,487.87,482.41,476.93,471.44,465.85,460.17,454.38,448.43,442.27,435.93,429.4,422.67,415.81,408.84,401.83,394.86,387.97,381.25,374.81,368.67,362.9,357.5,352.49,347.84,343.46,339.3,335.28,331.31,327.32,323.23,319.02,314.65,310.09,305.33,300.46,295.49,290.45,285.38,280.33,275.33,270.39,265.55,260.85,256.29,251.86,247.55,243.37,239.33,235.39,231.58,227.88,224.26,220.72,217.23,213.76,210.3,206.84,203.35,199.83,196.25,192.62,188.95,185.24,181.52,177.84,174.21,170.65,167.19,163.84,160.59,157.43,154.34,151.31,148.3,145.31,142.33,139.37,136.41,133.47,130.56,127.71,124.92,122.21,119.57,117,114.47,111.98,109.5,107.04,104.56,102.08,99.59,97.12,94.68,92.26,89.89,87.59,85.34,83.16,81.05,79.01,77.02,75.08,73.18,71.32,69.49,67.7,65.93,64.2,62.49,60.82,59.18,57.57,56,54.47,52.97,51.51,50.07,48.66,47.28,45.91,44.57,43.24,41.92,40.63,39.34,38.09,36.86,35.68,34.53,33.41,32.33,31.29,30.28,29.3,28.35,27.42,26.51,25.62,24.74,23.89,23.05,22.24,21.44,20.67,19.93,19.21,18.5,17.82,17.17,16.53,15.91,15.31,14.72,14.16,13.61,13.08,12.58,12.08,11.61,11.16,10.73,10.31,9.92,9.55,9.19,8.85,8.53,8.22,7.93,7.66,7.39,7.15,6.91,6.69,6.43,6.13,5.8,5.43,5.03,4.59,4.12,3.61,3.07
3,1bdd699b-72c8-426e-b715-93507f38a270,11/26/18,n/a,Rubik's cube,103B5BA237E448A5,None,0,lat 33.7775 lon -84.3975,no,0.472652990481,0.472463293886,0.472314663227,0.472164382704,0.472016911869,0.4718907954,0.471806602836,0.471763494492,0.471743269667,0.471728276838,0.471715212164,0.471704218806,0.471742596492,0.471864030701,0.472050627724,0.472272365321,0.47249655363,0.472706561086,0.472924844603,0.473184620343,0.473519975393,0.473937454036,0.4744087368,0.474890816596,0.475359058366,0.475816520812,0.476287907463,0.476796970499,0.477332785714,0.477863758512,0.478352494597,0.478782719938,0.479177623135,0.479576077264,0.48000123702,0.480442598047,0.480864368086,0.481235972747,0.481557850693,0.481857619954,0.482158823344,0.48246618858,0.482754662802,0.482997346693,0.483191733254,0.483365921305,0.483555402565,0.483780506804,0.484023011385,0.484251681434,0.484437941319,0.484582320182,0.484704037011,0.484826148517,0.4849488429,0.485055609158,0.485125415298,0.485157312603,0.485171889538,0.485193659253,0.48523812014,0.485296856012,0.485348202114,0.485374125502,0.485372182279,0.485349720173,0.485319658135,0.485284771481,0.48524255851,0.485186626394,0.485124425379,0.485067689446,0.485033243352,0.485021829326,0.485024793152,0.485024812396,0.485015183217,0.48499256379,0.484963295959,0.484930410182,0.484883585468,0.484808928504,0.484699508977,0.484562415926,0.48441901354,0.484292810298,0.484187492141,0.484096973906,0.484002878201,0.483894305242,0.483777893978,0.483666478842,0.483569638447,0.48348374298,0.483392499143,0.483279180278,0.483139837724,0.482977233147,0.482797462468,0.482607569609,0.482406954316,0.482201130945,0.481986527308,0.48176205376,0.481521292532,0.481257223336,0.48096435289,0.480647677943,0.480317817646,0.479979854378,0.479625974999,0.47923308936,0.478783392176,0.478267867427,0.477692324876,0.477067206716,0.476396992533,0.475661720239,0.474834565283,0.473883978438,0.472793323451,0.471556224381,0.470175357115,0.468654189855,0.466987324687,0.465173903807,0.463224599334,0.461179246823,0.45909807796,0.45705813928,0.455137358837,0.453413122454,0.451948755047,0.450803131383,0.450025974989,0.449659387503,0.449717156837,0.450185626389,0.451017470214,0.452145082278,0.453488296573,0.454964892431,0.456487148453,0.457965300635,0.459315144984,0.460464249482,0.461371683128,0.462021809663,0.462425293263,0.462602684299,0.462584202991,0.462402062578,0.462096412639,0.461711473941,0.461290951917,0.460864486508,0.46044484549,0.460031351994,0.459611912168,0.459181439719,0.458727747536,0.458242324544,0.457714052484,0.457127609009,0.456476045868,0.455755492525,0.454965798405,0.454108093035,0.453184925651,0.45219433007,0.451147042038,0.450059098219,0.448961999909,0.44789335576,0.446874682425,0.445922322972,0.445043308425,0.444246504751,0.443551860467,0.442977528666,0.442538963927,0.442237121128,0.442054635785,0.44197033038,0.441974596176,0.442067500274,0.442255907144,0.442541707021,0.442913722349,0.443355220909,0.443845769779,0.444371215255,0.444925217832,0.445504165477,0.446104672576,0.446726665869,0.447373009095,0.448045233588,0.448730440077,0.449409183181,0.450051003474,0.450649130892,0.451212173183,0.451756373862,0.452293295463,0.452798959106,0.453240468242,0.453586121204,0.453841005573,0.454038015524,0.45422894431,0.454418562617,0.454575252308,0.454652976373,0.454613217772,0.45448380751,0.454305100391,0.454132513596,0.453988301826,0.453860447581,0.453715445452,0.453541070308,0.453347046396,0.453155800122,0.452994633607,0.452859083136,0.452740332092,0.452609878931,0.45245050744,0.45225911894,0.452048168123,0.451839516689,0.451650783847,0.451495065342,0.451362713839,0.451235449529,0.451094020077,0.450932930605,0.450759673467,0.450589035898,0.450427541467,0.450269234153,0.450100422052,0.449903232803,0.44967670971,0.44943087874,0.44917905366,0.448924358179,0.44865221066,0.44833964106,0.447971556261,0.447551339765,0.44710059352,0.446643577504,0.446189756375,0.445726376107,0.445233983097,0.44470578569,0.444156477024,0.443606979877,0.443067009535,0.442521629237,0.441942131133,0.44130463971,0.440616137899,0.43991202685,0.43922672072,0.438577461086,0.437956691036,0.437359043675,0.43679245983,0.436285843426,0.435857221894,0.435506040955,0.435186868665,0.434845061343,0.434442932745,0.433976289945,0.433481463271,0.432977076101,0.432465851642,0.431938160461,0.431387818874,0.430830180768,0.430322405814,0.429904089895,0.429611985529,0.429433935796,0.429314556668,0.429207389148,0.429082959942,0.428914385878,0.428734818999,0.428540205828,0.428314569059,0.428080543525,0.42783666357,0.427602490422,0.427395751409,0.427217952448,0.427054144985,0.426896698557,0.426694292116,0.426508839906,0.42639206421,0.426359088182,0.426392564029,0.426429478619,0.426444359266,0.426407864007,0.426325264028,0.426237831549,0.42624093179,0.426319961983,0.426461910762,0.426597671618,0.426692320562,0.426702214061,0.426570568099,0.426369101109,0.42626383987,0.426374858223,0.426491468181,0.42652357199,0.42635529541,0.425998841803,0.425529138766,0.425212665339,0.425284770705,0.425663835686,0.426035826687,2112.54,2082.16,2075.61,2085.61,2101.07,2117.86,2133.62,2147.59,2159.35,2168.89,2176.42,2182.17,2186.43,2189.38,2191.81,2193.87,2196.29,2199.31,2202.65,2206.16,2209.35,2211.85,2213.47,2213.87,2213.2,2211.27,2208.01,2203.45,2197.82,2191.62,2185.12,2178.76,2172.68,2166.78,2160.69,2154.5,2148.01,2141.13,2133.64,2125.04,2115.3,2104.17,2091.8,2078.55,2064.71,2050.36,2035.7,2020.91,2006.42,1992.51,1979.36,1966.99,1955.17,1943.66,1932.11,1920.26,1907.92,1894.77,1880.61,1865.3,1848.87,1831.58,1813.78,1795.71,1777.76,1760.12,1742.86,1726.17,1709.88,1694.17,1678.75,1663.44,1648,1632.3,1616.17,1599.81,1583.26,1566.63,1550.2,1533.84,1517.83,1502.19,1487.01,1472.3,1457.99,1443.82,1429.73,1415.57,1401.14,1386.46,1371.27,1355.64,1339.43,1322.74,1305.74,1288.63,1271.58,1254.71,1238.35,1222.64,1207.89,1194.1,1181.47,1169.9,1159.23,1149.31,1139.93,1130.83,1121.58,1111.85,1101.46,1090.32,1078.36,1065.64,1052.34,1038.61,1024.65,1010.74,997.23,984.5,972.54,961.41,951.07,941.48,932.49,924,915.88,907.97,900.1,891.98,883.59,874.89,865.88,856.56,846.98,837.19,827.25,817.22,807.16,797.21,787.38,777.75,768.3,759.08,750.08,741.35,732.8,724.39,716.1,707.83,699.6,691.29,682.91,674.41,665.72,656.73,647.5,638.03,628.31,618.42,608.41,598.36,588.38,578.52,568.92,559.7,550.94,542.67,534.92,527.74,521.07,514.78,508.77,502.92,497.11,491.21,485.14,478.87,472.37,465.56,458.44,451.14,443.7,436.17,428.62,421.09,413.62,406.2,398.88,391.71,384.73,377.87,371.16,364.58,358.17,351.87,345.71,339.67,333.75,327.94,322.22,316.58,310.98,305.41,299.8,294.19,288.54,282.89,277.23,271.55,265.87,260.22,254.67,249.26,244.05,239.04,234.2,229.48,224.87,220.32,215.82,211.38,206.97,202.58,198.2,193.84,189.53,185.32,181.21,177.23,173.37,169.61,165.91,162.25,158.62,155,151.37,147.75,144.14,140.55,136.99,133.48,130.05,126.71,123.48,120.35,117.32,114.38,111.53,108.76,106.06,103.42,100.83,98.28,95.78,93.31,90.89,88.53,86.2,83.93,81.7,79.51,77.39,75.31,73.28,71.28,69.31,67.36,65.44,63.52,61.62,59.74,57.86,56.02,54.21,52.47,50.78,49.16,47.58,46.07,44.6,43.18,41.8,40.46,39.14,37.83,36.54,35.27,34.03,32.81,31.63,30.49,29.39,28.33,27.29,26.29,25.33,24.39,23.48,22.6,21.74,20.9,20.1,19.33,18.57,17.85,17.15,16.47,15.83,15.22,14.65,14.09,13.57,13.07,12.58,12.13,11.7,11.29,10.91,10.55,10.2,9.87,9.49,9.05,8.57,8.03,7.44,6.8,6.1,5.35,4.54,998.5,983.75,980.34,984.75,991.74,999.4,1006.66,1013.16,1018.66,1023.13,1026.65,1029.34,1031.43,1033.09,1034.64,1036.1,1037.74,1039.63,1041.69,1043.92,1046.17,1048.28,1050.09,1051.35,1052.07,1052.16,1051.65,1050.6,1049.09,1047.29,1045.26,1043.15,1041.1,1039.13,1037.13,1035.12,1032.9,1030.39,1027.47,1023.97,1019.91,1015.19,1009.83,1003.93,997.65,991.07,984.37,977.68,971.15,964.88,958.87,953.17,947.68,942.34,936.97,931.43,925.58,919.26,912.42,905.03,897.14,888.86,880.32,871.59,862.88,854.27,845.84,837.68,829.71,821.99,814.4,806.88,799.33,791.7,783.88,775.95,767.9,759.8,751.79,743.81,735.97,728.28,720.75,713.42,706.28,699.23,692.26,685.27,678.16,670.9,663.39,655.68,647.71,639.52,631.19,622.77,614.35,606,597.87,590.06,582.69,575.8,569.45,563.61,558.19,553.11,548.26,543.53,538.72,533.66,528.29,522.52,516.3,509.66,502.7,495.49,488.14,480.77,473.52,466.54,459.81,453.36,447.17,441.23,435.46,429.82,424.26,418.74,413.24,407.69,402.16,396.69,391.33,386.14,381.16,376.45,372.03,367.9,364.04,360.45,357.07,353.85,350.72,347.63,344.53,341.37,338.09,334.68,331.14,327.45,323.62,319.65,315.57,311.38,307.09,302.67,298.14,293.51,288.78,283.97,279.09,274.2,269.31,264.46,259.7,255.09,250.66,246.43,242.42,238.64,235.08,231.68,228.42,225.26,222.14,219.04,215.91,212.74,209.52,206.23,202.88,199.51,196.14,192.77,189.44,186.15,182.93,179.76,176.67,173.67,170.76,167.91,165.14,162.42,159.78,157.19,154.66,152.19,149.76,147.38,145.02,142.67,140.32,137.97,135.6,133.21,130.78,128.31,125.82,123.29,120.77,118.25,115.77,113.33,110.95,108.64,106.4,104.22,102.09,99.99,97.92,95.87,93.83,91.8,89.78,87.78,85.81,83.88,81.99,80.15,78.37,76.64,74.93,73.25,71.59,69.94,68.28,66.63,64.97,63.33,61.7,60.1,58.54,57.01,55.53,54.09,52.7,51.35,50.04,48.76,47.51,46.28,45.08,43.9,42.73,41.59,40.47,39.37,38.29,37.23,36.2,35.19,34.2,33.24,32.29,31.36,30.44,29.54,28.66,27.78,26.92,26.06,25.22,24.4,23.59,22.81,22.06,21.33,20.63,19.95,19.29,18.65,18.03,17.43,16.84,16.26,15.7,15.15,14.61,14.08,13.57,13.08,12.6,12.14,11.69,11.26,10.84,10.43,10.04,9.65,9.28,8.92,8.58,8.24,7.92,7.61,7.31,7.03,6.75,6.49,6.24,6.01,5.78,5.57,5.37,5.17,4.99,4.82,4.65,4.5,4.35,4.21,4.05,3.86,3.65,3.42,3.17,2.89,2.59,2.28,1.93